grupo,metrica,maior_e_melhor,n_pares,media_atr4697,media_psm5000,dif_psm5000_menos_atr4697,ic95_min,ic95_max,p_wilcoxon,melhor
global,snr_estimado_db,True,2,30.9667,56.0352,25.0685,,,,inconclusivo
global,ruido_fundo_dbfs,False,2,-68.0988,-78.4777,-10.3789,,,,inconclusivo
global,clipping_pct,False,2,0.0,0.0005,0.0005,,,,inconclusivo
global,squim_stoi,True,2,0.9175,0.7728,-0.1447,,,,inconclusivo
global,squim_pesq,True,2,1.8584,1.4247,-0.4336,,,,inconclusivo
global,squim_sisdr,True,2,4.7159,5.8196,1.1036,,,,inconclusivo
cenario=A,snr_estimado_db,True,2,30.9667,56.0352,25.0685,,,,inconclusivo
cenario=A,ruido_fundo_dbfs,False,2,-68.0988,-78.4777,-10.3789,,,,inconclusivo
cenario=A,clipping_pct,False,2,0.0,0.0005,0.0005,,,,inconclusivo
cenario=A,squim_stoi,True,2,0.9175,0.7728,-0.1447,,,,inconclusivo
cenario=A,squim_pesq,True,2,1.8584,1.4247,-0.4336,,,,inconclusivo
cenario=A,squim_sisdr,True,2,4.7159,5.8196,1.1036,,,,inconclusivo
sala=sala24,snr_estimado_db,True,2,30.9667,56.0352,25.0685,,,,inconclusivo
sala=sala24,ruido_fundo_dbfs,False,2,-68.0988,-78.4777,-10.3789,,,,inconclusivo
sala=sala24,clipping_pct,False,2,0.0,0.0005,0.0005,,,,inconclusivo
sala=sala24,squim_stoi,True,2,0.9175,0.7728,-0.1447,,,,inconclusivo
sala=sala24,squim_pesq,True,2,1.8584,1.4247,-0.4336,,,,inconclusivo
sala=sala24,squim_sisdr,True,2,4.7159,5.8196,1.1036,,,,inconclusivo
